NAME,YOB,DEPARTURE,DESTINATION,PAID
Muhammad Jones,1983,Vienna,Warsaw,700
George Jones,1987,Vienna,Warsaw,700
Finley Jones,2015,Vienna,Warsaw,700
Isla Jones,2013,Vienna,Warsaw,700
Muhammad Chapman,1988,Vienna,Warsaw,900
Freya Chapman,1974,Vienna,Warsaw,900
Ella Chapman,2014,Vienna,Warsaw,900
Lucas Chapman,2016,Vienna,Warsaw,900
Sienna White,1973,Hamburg,Innsbruck,1200
Freya Black,1978,Hamburg,Innsbruck,1200
Theodore Wilson,1992,Hamburg,Innsbruck,1200
Thomas Owen,1976,Krakow,Zagreb,800
Alfie Owen,1986,Krakow,Zagreb,800
Harry Owen,2013,Krakow,Zagreb,800
Theodore Owen,2016,Krakow,Zagreb,800
Amelia Walker,1975,Brno,Rijeka,1200
Alfie Adams,1984,Brno,Rijeka,1200
Theo Stevens,1973,Brno,Rijeka,1200
Sofia Payne,1977,Brno,Rijeka,1200
Theodore Adams,1991,Brno,Rijeka,1200
Emily Payne,1991,Brno,Rijeka,1200
William Allen,1991,Innsbruck,Warsaw,1100
Alfie Davidson,1983,Innsbruck,Warsaw,1100
Roman Holmes,1981,Innsbruck,Warsaw,1100
Archie Owen,1976,Innsbruck,Warsaw,1100
Arthur Baker,1983,Vienna,Warsaw,1100
Tommy Adams,1978,Vienna,Warsaw,1100
Ella Chapman,1973,Vienna,Warsaw,1100
Charlie Payne,1975,Hamburg,Innsbruck,300
Ella Payne,1992,Hamburg,Innsbruck,300
Tommy Payne,2015,Hamburg,Innsbruck,300
Oscar Payne,2016,Hamburg,Innsbruck,300
Freddie Wilson,1991,Hamburg,Innsbruck,900
Sofia Wilson,1986,Hamburg,Innsbruck,900
Charlotte Wilson,2016,Hamburg,Innsbruck,900
William Black,1974,Prague,Rijeka,600
Emily Black,1974,Prague,Rijeka,600
Emily Black,2015,Prague,Rijeka,600
Amelia Walker,1990,Hamburg,Innsbruck,900
Daisy Walker,1987,Hamburg,Innsbruck,900
Daisy Walker,2018,Hamburg,Innsbruck,900
Elsie Burton,1977,Hamburg,Rome,700
Mia Burton,1983,Hamburg,Rome,700
Arlo Burton,2014,Hamburg,Rome,700
Ava Burton,2017,Hamburg,Rome,700
Sienna Allen,1983,Berlin,Napoli,800
Alfie Allen,1982,Berlin,Napoli,800
Freya Allen,2013,Berlin,Napoli,800
William Owen,1992,Berlin,Napoli,1100
Rosie Chapman,1979,Berlin,Napoli,1100
Isabella Jones,1981,Berlin,Napoli,1100
Isaac Matthews,1983,Berlin,Napoli,1100
Muhammad Stevens,1993,Berlin,Napoli,1100
William Wilson,1988,Berlin,Napoli,1100
Florence White,1978,Brno,Rijeka,700
George White,1989,Brno,Rijeka,700
Isla White,2014,Brno,Rijeka,700
Evelyn White,2013,Brno,Rijeka,700
Florence Burton,1983,Brno,Rijeka,1100
William Stevens,1986,Brno,Rijeka,1100
Ava Davidson,1975,Brno,Rijeka,1100
Harry Holmes,1980,Brno,Rijeka,1100
Amelia Owen,1975,Brno,Rijeka,1100
Sophia Allen,1974,Vienna,Warsaw,1100
Harry Matthews,1973,Vienna,Warsaw,1100
Phoebe White,1982,Vienna,Warsaw,1100
Sophia Walker,1975,Vienna,Warsaw,1100
Elsie Matthews,1977,Vienna,Warsaw,1100
Grace White,1984,Vienna,Warsaw,1100
Rosie Webb,1978,Vienna,Warsaw,1100
Lily Burton,1977,Vienna,Warsaw,1100
Muhammad White,1981,Vienna,Warsaw,1100
Sofia Owen,1986,Brno,Rijeka,1200
Mia Stevens,1992,Brno,Rijeka,1200
Evie Payne,1977,Brno,Rijeka,1200
Muhammad Payne,1989,Innsbruck,Warsaw,1100
Isabella Owen,1987,Innsbruck,Warsaw,1100
Lucas Adams,1992,Innsbruck,Warsaw,1100
